{
  "ReRoutes": [
    {
      "DownstreamPathTemplate": "/api/{catchAll}",
      "DownstreamScheme": "http",
      "DownstreamHostAndPorts": [
        {
          "Host": "localhost",
          "Port": 60407
        }
      ],
      "UpstreamPathTemplate": "/auth-api/{catchAll}"
    },
    {
      "DownstreamPathTemplate": "/api/{catchAll}",
      "DownstreamScheme": "http",
      "DownstreamHostAndPorts": [
        {
          "Host": "localhost",
          "Port": 60408
        }
      ],
      "UpstreamPathTemplate": "/booking-api/{catchAll}"
    }
  ],
  "GlobalConfiguration": {
    "RequestIdKey": "OcRequestId",
    "AdministrationPath": "/administration"
  }
}